Procurement Master,,,,,,,,,,,,,,,,,,,,,,,,,,,,,,,,,,,,,,,,,,,,,,
,,,,,,Staff Veg included for the day (last item in addition),,,,,,,,,,,,,,,,,,,,,,,,,,,,,,,,,,,,,,,,
,,,,,,,,,,,,,,,,,,,,,,,,,Formula Changed hereon,,,,,,,,,,,,,,,,,,,,,
,,,,Invoice Number,,,,,,,,,,,,,,,,,,,,,,,,,,,,,,,,,,,,,,,,,,
,S No,,Item,Quantity (kg),1 Sep 16,2 Sep 16,3 Sep 16,4 Sep 16,5 Sep 16,6 Sep 16,7 Sep 16,8 Sep 16,9 Sep 16,10 Sep 16,11 Sep 16,12 Sep 16,13 Sep 16,14 Sep 16,15 Sep 16,16 Sep 16,17 Sep 16,18 Sep 16,19 Sep 16,20 Sep 16,21 Sep 16,22 Sep 16,23 Sep 16,24 Sep 16,25 Sep 16,26 Sep 16,27 Sep 16,28 Sep 16,29 Sep 16,30 Sep 16,1 Oct 16,2 Oct 16,3 Oct 16,4 Oct 16,5 Oct 16,6 Oct 16,7 Oct 16,8 Oct 16,9 Oct 16,10 Oct 16,,
,,,,Grade Comments,,,,,,,,,,,,,,,,,,,,,,,,,,,,,,,,,,,,,,,,,,
,1,,Achari Mirch (Bhagvanagri) ,, - , - , - , - , 1.1 , - , 5.3 , - , - , - , 2.1 , - , - , - , - , - , 0.5 , 1.1 , - , - , - , - , - , 2.1 , - , - , - , - , 2.1 , - , 2.1 , - , - , - , - , - , - , - , - , - ,,
,2,,Achari Mirch Red (Bhagvanagri Laal) ,, - , - , - , - , - , - , - , - , - , - , - , - , - , - , - , - , - , - , - , - , - , - , - , - , - , - , - , - , - , - , - , - , - , - , - , - , - , - , - , - ,,
,3,,American Corn ,, - , - , - , 1.1 , - , 5.3 , - , - , - , 1.0 , - , - , - , - , - , - , - , - , 5.0 , - , - , 3.0 , - , - , - , - , 2.0 , 2.0 , 2.0 , - , 2.0 , - , - , - , - , - , - , - , - , - ,,
,4,,Arbi ,, - , 0.5 , - , - , - , - , - , 1.1 , 73.5 , - , - , - , - , - , 1.1 , - , 5.3 , 0.6 , - , - , - , - , 1.1 , - , 0.5 , - , 6.3 , 0.6 , 5.3 , 31.0 , 1.0 , - , - , 11.2 , - , - , - , - , - , - ,,
,5,,Asparagus ,, 1.1 , - , - , - , - , - , - , - , - , - , - , - , - , - , - , - , - , - , - , - , - , - , - , - , - , - , - , - , - , - , - , - , - , - , - , - , - , - , - , - ,,
,6,,Avla ,, - , 0.5 , - , - , - , - , - , - , - , - , - , - , - , 0.5 , - , - , - , - , - , 0.3 , - , - , - , - , - , - , - , - , - , - , - , - , - , - , - , - , - , - , - , - ,,
,7,,Baby Corn ,, 7.4 , 0.2 , 3.2 , 4.2 , 4.3 , 4.3 , 4.3 , 2.2 , 1.1 , 9.0 , 4.0 , 14.0 , 4.0 , 3.0 , 5.0 , 5.0 , 11.0 , 3.0 , 9.0 , 2.0 , - , - , 4.0 , 9.0 , 13.0 , 3.0 , 3.0 , 17.0 , 14.0 , 14.0 , 12.0 , - , 6.0 , 3.0 , - , - , - , - , - , - ,,
,8,,Baby Spinach,, - , - , - , - , - , - , - , - , - , - , - , - , - , - , - , - , - , - , - , - , - , - , - , - , - , - , - , - , - , - , - , - , - , - , - , - , - , - , - , - ,,
,9,,Banana Leaves Long (Kela Patta Lamba) ,, - , - , - , - , - , - , - , - , - , - , - , - , - , - , - , - , - , - , - , - , - , - , - , - , - , - , - , - , - , - , - , - , - , - , - , - , - , - , - , - ,,
,10,,Banana Leaves Small (Kela Patta Chota),, - , - , - , - , - , - , - , - , - , - , - , - , - , - , - , - , - , - , - , - , - , - , - , - , - , - , - , - , - , - , - , - , - , - , - , - , - , - , - , - ,,
,11,,Banana Raw (Kachcha Kela) (pieces),, - , - , - , - , - , - , - , - , - , - , - , - , - , - , - , - , - , - , - , - , - , - , - , - , - , - , - , - , - , - , - , - , - , - , - , - , - , - , - , - ,,
,12,,Basil Leaf (Tulsi) ,, 0.6 , 2.5 , 1.0 , 3.5 , 1.1 , 2.5 , 4.0 , 2.6 , 1.8 , 0.6 , 4.0 , 2.1 , 4.1 , 1.3 , 3.7 , 0.3 , 0.4 , 1.7 , 3.0 , - , 3.2 , 0.8 , 2.6 , 1.3 , 1.1 , 3.8 , 0.8 , 3.5 , 0.9 , 3.0 , 0.9 , - , 4.1 , 1.4 , - , - , - , - , - , - ,,
,13,,Bathua ,, - , - , - , - , - , - , - , - , - , - , - , - , - , - , - , - , - , - , - , - , - , - , - , - , - , - , - , - , - , - , - , - , - , - , - , - , - , - , - , - ,,
,14,,Bean Sprouts ,, 0.5 , - , 0.3 , 0.3 , 0.3 , - , - , - , 0.3 , 0.3 , - , 0.3 , - , - , - , - , 0.4 , - , 0.3 , - , - , 0.3 , - , - , - , - , 0.4 , - , - , - , - , - , 0.2 , - , - , - , - , - , - , - ,,
,15,,Beans Shimla ,, 8.5 , 35.4 , 18.1 , 62.8 , 41.2 , 29.3 , 10.1 , - , 44.0 , 14.5 , 34.1 , 18.1 , 18.1 , 1.1 , 26.1 , 34.5 , 27.7 , 30.8 , 15.2 , 39.6 , 1.6 , 0.9 , 26.4 , 30.6 , 27.6 , 27.4 , 6.9 , 9.4 , 1.7 , 37.4 , 78.0 , - , 19.0 , 44.0 , - , - , - , - , - , - ,,
,16,,Beans ,, 20.1 , 16.1 , 5.8 , 15.1 , 7.5 , 18.7 , 10.5 , 16.0 , 12.3 , 13.4 , 11.7 , 10.5 , 14.3 , 17.1 , 12.7 , 13.5 , 7.9 , 11.6 , 9.4 , 6.1 , 9.7 , 3.3 , 16.6 , 10.7 , 17.1 , 9.4 , 11.1 , 17.4 , 20.4 , 15.1 , 7.0 , 1.9 , 16.7 , 6.6 , - , - , - , - , - , - ,,
,17,,Beetroot Big (Chukander Bada) ,, 2.6 , 0.1 , 0.1 , 0.1 , 0.0 , 1.1 , 1.1 , 2.1 , 1.6 , 2.0 , 0.5 , 2.1 , - , 2.1 , 1.1 , 1.5 , 2.4 , 0.6 , 1.1 , 2.7 , - , 1.6 , 1.1 , 0.7 , 1.1 , - , - , 0.3 , 2.8 , 1.1 , - , - , 2.1 , 2.1 , - , - , - , - , - , - ,,
,18,,Beetroot Small (Chukander Chota) ,, - , 0.3 , - , - , - , - , 0.0 , - , - , - , - , - , - , - , - , - , - , - , - , 0.5 , - , - , - , - , - , - , - , - , - , - , - , - , - , - , - , - , - , - , - , - ,,
,19,,Broad Beans (Sem) ,, - , - , - , - , - , - , - , - , 0.5 , - , - , - , - , - , - , - , - , - , - , - , - , - , - , - , - , - , - , - , - , - , - , - , - , - , - , - , - , - , - , - ,,
,20,,Brinjal Long ( Lamba Baingan) ,, - , 1.7 , - , 1.7 , 0.6 , - , 0.6 , 1.1 , - , - , 1.3 , 1.1 , 1.1 , - , 1.3 , - , - , - , - , 2.2 , 0.6 , - , - , - , - , 1.1 , - , 0.8 , - , - , - , - , 1.1 , - , - , - , - , - , - , - ,,
,21,,Brinjal Round Big (Bhartha Baingan Bada) ,, 5.7 , - , - , - , 0.6 , - , - , - , 5.5 , - , - , 1.1 , 0.6 , 4.4 , - , - , - , - , - , - , - , - , 0.6 , 6.1 , - , - , - , 1.3 , - , 0.8 , - , - , - , - , - , - , - , - , - , - ,,
,22,,Brinjal Round Medium (Bhartha Baingan Medium) ,, 16.5 , 55.6 , - , - , - , 13.2 , - , - , 60.5 , - , - , - , 13.2 , - , - , 66.0 , - , - , - , 13.2 , - , - , 1.1 , - , 60.5 , - , 1.1 , - , - , - , 43.6 , - , - , 11.0 , - , - , - , - , - , - ,,
,23,,Brinjal Small/ Eggplant (Chota Baingan) ,, - , - , - , - , - , - , - , 1.1 , - , - , - , - , - , - , 1.0 , 3.3 , - , - , - , - , - , 0.3 , 2.9 , 1.8 , - , - , - , - , - , 2.2 , - , - , 0.3 , - , - , - , - , - , - , - ,,
,24,,Broccoli Big ,, 4.9 , 8.2 , 2.9 , 10.0 , 9.6 , 6.9 , 11.9 , 6.0 , 10.0 , 3.3 , 5.3 , 12.4 , 5.1 , 5.2 , 8.6 , 9.0 , 4.3 , 4.6 , 14.1 , 2.3 , 8.2 , 9.3 , 6.8 , 8.4 , 7.8 , 9.4 , 9.5 , 12.1 , 7.1 , 14.1 , 2.7 , - , 13.8 , 5.3 , - , - , - , - , - , - ,,
,25,,Broccoli Medium,, - , - , - , 0.6 , - , - , - , - , - , 0.0 , - , - , - , - , - , - , - , - , - , - , - , - , - , - , - , - , - , - , - , - , - , - , - , - , - , - , - , - , - , - ,,
,26,,Brussel Sprouts,, - , - , - , - , - , - , - , - , - , - , - , - , - , - , - , - , - , - , - , - , - , - , - , - , - , - , - , - , - , - , - , - , - , - , - , - , - , - , - , - ,,
,27,,Cabbage (Band gobhi) ,, 42.0 , 30.2 , 35.6 , 79.0 , 43.3 , 47.4 , 67.3 , 49.9 , 52.0 , 38.2 , 37.9 , 86.9 , 52.0 , 67.5 , 27.5 , 106.9 , 35.0 , 69.5 , 76.3 , 18.8 , 39.3 , 43.4 , 40.5 , 38.0 , 39.7 , 56.1 , 59.8 , 74.4 , 87.7 , 56.1 , 51.2 , 0.1 , 69.3 , 88.8 , - , - , - , - , - , - ,,
,28,,Capsicum (Simla Mirch) G1,, 54.2 , 83.4 , 56.7 , 80.3 , 77.1 , 40.0 , 86.8 , 43.3 , 44.3 , 27.4 , 53.7 , 51.4 , 59.6 , 45.5 , 76.2 , 43.7 , 44.6 , 80.3 , 80.9 , 22.9 , 52.5 , 66.4 , 54.8 , 57.6 , 60.6 , 75.3 , 61.5 , 82.0 , 76.7 , 63.4 , 70.6 , - , 98.9 , 56.5 , - , - , - , - , - , - ,,
,29,,Capsicum (Simla Mirch) G2,, - , - , - , - , - , - , - , - , - , - , - , - , - , - , - , - , - , - , - , - , - , - , - , - , - , - , - , - , - , - , - , - , - , - , - , - , - , - , - , - ,,
,30,,Carrot Baby,, - , - , - , - , - , - , - , - , - , - , - , - , - , - , - , - , - , - , - , - , - , - , - , - , - , - , - , - , - , - , - , - , - , - , - , - , - , - , - , - ,,
,31,,Carrot English Medium (Gajar English),, 15.0 , 18.2 , 12.1 , 14.0 , 15.7 , 20.5 , 8.4 , 24.1 , 15.7 , 16.3 , 18.5 , 20.1 , 18.8 , 22.9 , 26.4 , 16.9 , 15.6 , 17.4 , 21.9 , 13.0 , 22.2 , 10.7 , 32.3 , 11.6 , 15.4 , 23.9 , 14.3 , 21.2 , 24.8 , 19.5 , 19.7 , 2.2 , 21.2 , 17.3 , - , - , - , - , - , - ,,
,32,,Carrot English Big (Gajar English Moti),, 64.4 , 64.9 , 63.3 , 58.9 , 53.9 , 56.0 , 51.7 , 35.2 , 55.0 , 40.2 , 44.3 , 41.9 , 45.1 , 49.8 , 40.7 , 40.0 , 40.7 , 35.8 , 41.8 , 49.6 , 23.1 , 42.9 , 43.5 , 52.3 , 60.6 , 41.9 , 48.7 , 33.3 , 53.9 , 61.4 , 101.2 , - , 48.0 , 55.0 , - , - , - , - , - , - ,,
,33,,Cauliflower Big (Phool Gobhi Bada),, 1.3 , - , 7.6 , 0.7 , 1.3 , 5.9 , 1.6 , 11.4 , 7.2 , 2.9 , 11.7 , 4.9 , 24.7 , 3.5 , 47.2 , 1.7 , 1.2 , - , 0.6 , - , 11.6 , 43.8 , 2.4 , 9.5 , - , 9.4 , 42.3 , 14.6 , 1.2 , 11.0 , 9.0 , - , 51.1 , 6.9 , - , - , - , - , - , - ,,
,34,,Cauliflower Medium (Phool Gobhi Medium),, 42.4 , 20.2 , 4.3 , 31.8 , 61.3 , 52.0 , 4.0 , 9.4 , 35.0 , 1.1 , 7.0 , 5.8 , 14.6 , 23.9 , 49.3 , 65.2 , 47.6 , 8.3 , 11.4 , 37.7 , 19.5 , 31.0 , 7.6 , 16.4 , 31.8 , 4.1 , 9.5 , 9.9 , 38.1 , 2.9 , 74.8 , - , 15.5 , 52.3 , - , - , - , - , - , - ,,
,35,,Celery ,, 0.4 , 0.1 , 0.1 , - , 0.1 , - , - , 0.2 , - , - , 0.1 , 0.1 , 0.2 , - , 1.0 , - , 0.1 , 0.1 , 0.4 , - , - , 0.1 , 0.4 , 0.1 , 0.1 , - , 0.3 , 0.3 , 0.5 , 0.1 , 0.2 , - , 0.4 , - , - , - , - , - , - , - ,,
,36,,Cherry Tomato ,, 0.6 , 1.1 , - , 1.1 , 0.4 , - , 0.8 , 0.8 , - , - , 0.8 , 0.8 , 0.6 , - , 0.8 , - , - , 0.8 , 0.6 , 0.6 , 0.6 , 1.0 , - , 0.4 , - , 0.6 , 0.8 , 1.3 , - , 0.8 , - , - , 1.0 , 1.2 , - , - , - , - , - , - ,,
,37,,Chinese Cabbage ,, 2.7 , 0.6 , - , 1.1 , - , - , 1.1 , - , 0.3 , 0.6 , - , 0.9 , - , - , - , 0.7 , 0.7 , - , 0.4 , - , 1.0 , 0.6 , 1.2 , 0.2 , 1.6 , - , - , - , - , - , - , - , 2.0 , - , - , - , - , - , - , - ,,
,38,,Chives ,, - , - , - , - , 0.3 , - , - , - , - , 0.3 , - , - , - , - , - , 1.1 , - , - , - , - , - , - , - , - , - , - , - , - , - , - , - , - , - , - , - , - , - , - , - , - ,,
,39,,Cholia (Hara Chana) ,, - , - , - , - , - , - , - , - , - , - , - , - , - , - , - , - , - , - , - , - , - , - , - , - , - , - , - , - , - , - , - , - , - , - , - , - , - , - , - , - ,,
,40,,Coriander Leaf (Dhaniya) ,, 6.3 , 88.6 , 36.6 , 32.3 , 95.4 , 30.2 , 101.6 , 39.2 , 122.9 , 45.8 , 39.0 , 108.9 , 26.4 , 140.4 , 45.0 , 23.0 , 85.4 , 41.8 , 65.7 , 48.2 , 44.7 , 40.9 , 100.1 , 45.7 , 34.5 , 93.7 , 41.5 , 87.5 , 19.3 , 105.3 , 7.6 , - , 101.7 , 53.2 , - , - , - , - , - , - ,,
,41,,Cucumber Chinese Small (Kheera China Chota),, - , - , - , - , - , - , - , - , - , - , - , - , - , - , - , - , - , - , - , - , - , - , - , - , - , - , - , - , - , - , - , - , - , - , - , - , - , - , - , - ,,
,42,,Cucumber Chinese (Kheera China) ,, 10.0 , 9.5 , 10.0 , 20.8 , 15.0 , 10.0 , - , 24.7 , 50.0 , 49.7 , - , 26.8 , 14.8 , 14.8 , 15.0 , 39.3 , 24.3 , 20.5 , 25.0 , 5.0 , 24.2 , 17.0 , 15.0 , 30.0 , 40.1 , 15.5 , 18.0 , 20.0 , 38.9 , 36.5 , 70.6 , - , 5.3 , 16.0 , - , - , - , - , - , - ,,
,43,,Cucumber Desi (Kheera Desi) ,, 2.0 , 8.0 , 2.0 , 8.0 , 7.0 , 1.5 , 7.0 , 9.8 , 6.0 , 6.1 , 7.0 , 12.0 , 10.0 , 2.0 , 12.8 , 6.1 , 4.0 , 6.2 , 2.0 , 9.0 , 6.4 , 7.0 , 9.0 , 4.0 , 4.9 , 7.0 , 8.0 , 9.0 , 2.5 , 10.1 , 2.0 , - , 11.1 , 8.0 , - , - , - , - , - , - ,,
,44,,Cucumber Hybrid  (Kheera Hybrid) ,, 50.4 , 40.7 , 42.1 , 46.9 , 32.9 , 26.9 , 24.3 , 26.4 , 50.4 , 11.7 , 46.2 , 11.9 , 41.0 , 36.8 , 23.3 , 29.6 , 28.0 , 34.2 , 55.1 , 32.6 , 38.5 , 39.5 , 30.3 , 7.2 , 48.6 , 46.8 , 36.1 , 45.6 , 30.1 , 51.7 , 13.3 , - , 63.1 , 22.7 , - , - , - , - , - , - ,,
,45,,Cucumber White (Kheera Hybrid),, - , - , - , - , - , - , - , - , - , - , - , - , - , - , - , - , - , - , - , - , - , - , - , - , - , - , - , - , - , - , - , - , - , - , - , - , - , - , - , - ,,
,46,,Cucumber (Kakri) ,, - , - , - , - , - , - , - , - , - , - , - , - , - , - , - , - , - , - , - , - , - , - , - , - , - , - , - , - , - , - , - , - , - , - , - , - , - , - , - , - ,,
,47,,Curry Patta (Kadi Patta) ,, 4.2 , - , - , 2.1 , 0.8 , 1.1 , - , 2.4 , - , - , 1.6 , 0.5 , 5.8 , - , 1.6 , - , - , 3.4 , - , 2.6 , - , 1.7 , 2.1 , - , - , 1.1 , - , 1.3 , - , 3.4 , - , - , 2.9 , - , - , - , - , - , - , - ,,
,48,,Drumsticks (Sajan Ki Fali) ,, - , - , - , - , - , - , - , - , - , - , - , - , - , - , - , - , - , - , - , - , - , - , - , - , - , - , - , - , - , - , - , - , - , - , - , - , - , - , - , - ,,
,49,,Fennel (Saunf) ,, - , - , - , - , - , - , - , - , - , - , - , - , - , - , - , - , - , - , - , - , - , - , - , - , - , - , - , - , - , - , - , - , - , - , - , - , - , - , - , - ,,
,50,,Fenugreek (Methi) ,, - , - , - , - , - , - , - , - , - , - , - , - , - , - , - , - , - , - , - , - , - , - , - , - , - , - , - , - , - , - , - , - , - , - , - , - , - , - , - , - ,,
,51,,Gaanth Gobi ,, - , - , - , - , - , - , - , - , - , - , - , - , - , - , - , - , - , - , - , - , - , - , - , - , - , - , - , - , - , - , - , - , - , - , - , - , - , - , - , - ,,
,52,,Galangal ,, - , - , - , - , - , - , - , - , - , - , - , - , - , - , - , - , - , - , - , - , - , - , - , - , - , - , - , - , - , - , - , - , - , - , - , - , - , - , - , - ,,
,53,,Garlic Daana  (Daana Lehsun) ,, 0.2 , 0.0 , - , - , - , - , - , - , 0.1 , - , - , - , - , 0.1 , 1.3 , - , 2.4 , - , - , - , - , - , - , 0.1 , - , 0.7 , 0.1 , - , 0.0 , - , 0.0 , 0.3 , 0.2 , 0.1 , 0.7 , 1.0 , 2.0 ,#DIV/0!,#DIV/0!,#DIV/0!,,
,54,,Garlic Desi (Desi Lehsun) ,, - , 12.8 , 8.1 , 8.7 , 19.0 , 17.5 , 13.7 , 24.5 , 13.7 , 18.6 , 30.2 , 28.5 , 35.2 , 35.7 , 30.9 , 26.8 , 28.1 , 27.4 , 26.3 , 19.0 , 34.1 , 31.1 , 24.3 , 35.8 , 28.6 , 21.0 , 20.9 , 24.9 , 25.4 , 14.9 , 52.6 , 31.5 , 24.7 , 34.8 , 7.0 , 10.5 , 20.0 ,#DIV/0!,#DIV/0!,#DIV/0!,,
,55,,Garlic China  (China Lehsun) ,, 0.6 , - , - , - , - , - , - , - , - , - , - , - , - , - , 5.3 , 3.3 , 4.4 , 4.0 , 0.3 , 1.3 , 1.7 , 1.3 , 2.5 , 2.4 , 2.8 , 2.4 , 2.1 , - , 0.1 , 1.4 , 0.6 , 1.4 , 0.7 , 0.7 , - , - , - ,#DIV/0!,#DIV/0!,#DIV/0!,,
,56,,Garlic Knotted  (Gaanth Lehsun) ,As big as possible, 37.2 , 31.9 , 35.1 , 69.3 , 49.1 , 49.3 , 35.3 , 0.1 , 0.8 , 1.7 , 2.9 , 4.4 , 2.8 , 3.5 , 3.2 , 2.0 , 2.8 , 34.5 , 22.3 , 23.0 , 22.6 , 34.6 , 21.2 , 22.2 , 22.0 , 0.0 , 0.8 , 1.7 , 1.9 , 0.1 , 2.3 , - , 0.0 , - , 0.5 , 0.8 , - ,#DIV/0!,#DIV/0!,#DIV/0!,,
,57,,Garlic Peeled  (Chhila Lehsun) ,As small as possible, 53.4 , 64.3 , 59.2 , 61.4 , 16.5 , 43.3 , 61.0 , 75.7 , 27.5 , 55.7 , 71.5 , 32.8 , 87.2 , 50.7 , 73.0 , 32.0 , 55.1 , 52.5 , 64.4 , 52.0 , 47.3 , 50.4 , 67.2 , 58.3 , 59.9 , 62.2 , 39.7 , 52.0 , 37.1 , 71.7 , 85.1 , - , 68.0 , 56.7 , - , - , - , - , - , - ,,
,58,,Ginger China (China Adrak) ,, 5.8 , 18.7 , 22.6 , 51.7 , 69.8 , 59.6 , 64.0 , 48.8 , 89.8 , 56.4 , 47.6 , 48.0 , 62.0 , 47.2 , 63.8 , 78.4 , 70.6 , 85.4 , 78.1 , 60.4 , 65.7 , 48.0 , 40.1 , 43.7 , 44.0 , 51.4 , 61.7 , 66.4 , 77.3 , 77.9 , 95.2 , 65.0 , 50.3 , 62.6 , 23.8 , 35.7 , 60.0 ,#DIV/0!,#DIV/0!,#DIV/0!,,
,59,,Ginger Big Panja (Adrak Mota Panja),, - , - , - , - , - , - , - , - , 0.6 , 0.3 , 0.3 , 0.3 , - , - , - , - , - , - , - , - , 0.5 , 0.3 , 0.3 , 0.3 , - , - , - , - , - , - , - , - , - , - , - , - , - ,#DIV/0!,#DIV/0!,#DIV/0!,,
,60,,Ginger Big (Mota Adrak) ,, 160.2 , 164.8 , 113.0 , 94.3 , 116.3 , 147.2 , 172.2 , 154.2 , 122.3 , 128.0 , 115.1 , 133.8 , 133.4 , 111.3 , 157.9 , 131.7 , 112.7 , 110.2 , 144.0 , 167.4 , 177.4 , 179.5 , 164.1 , 127.6 , 123.8 , 118.1 , 137.5 , 156.4 , 178.1 , 165.9 , 156.3 , 99.2 , 152.4 , 163.9 , 109.8 , 130.9 , 129.5 ,#DIV/0!,#DIV/0!,#DIV/0!,,
,61,,Gourd  (Lauki) ,, 0.2 , 0.4 , 60.5 , 0.2 , - , 19.3 , 75.3 , 0.2 , - , - , 0.8 , 63.3 , 7.2 , 76.3 , 0.4 , 0.1 , 0.1 , 0.9 , 12.1 , 65.2 , 18.7 , 1.7 , 3.5 , 66.6 , 0.1 , 2.9 , - , 77.0 , 0.8 , - , 68.2 , - , 13.0 , - , - , - , - , - , - , - ,,
,62,,Green Chilli Thick (Moti Hari Mirch) ,, 0.7 , 44.0 , - , 0.1 , - , - , 0.6 , 0.2 , 0.7 , - , - , 0.6 , - , 0.2 , 3.1 , 0.7 , - , - , 0.6 , 0.8 , 0.7 , - , - , 0.6 , - , 0.1 , 0.4 , 0.7 , - , 0.7 , 0.6 , - , 1.0 , 0.6 , - , - , - , - , - , - ,,
,63,,Green Chilli Thin (Patli Teekhi Hari Mirch) ,As big as possible, 62.3 , 12.0 , 39.7 , 38.7 , 21.2 , 43.6 , 15.2 , 3.9 , 12.0 , 5.3 , 58.1 , 36.9 , 49.8 , 28.7 , 65.8 , 55.4 , 44.4 , 26.9 , 23.0 , 53.4 , 30.2 , 53.2 , 48.7 , 9.1 , 34.9 , 38.4 , 40.3 , 39.6 , 26.0 , 59.4 , 75.8 , 0.3 , 11.0 , 45.7 , - , - , - , - , - , - ,,
,64,,Green Garlic (Hara Lehsun),, - , - , - , - , - , - , - , - , - , - , - , - , - , - , - , - , - , - , - , - , - , - , - , - , - , - , - , - , - , - , - , - , - , - , - , - , - , - , - , - ,,
,65,,Jackfruit (Kathal) ,, - , - , - , - , - , - , - , - , - , - , 261.5 , - , - , - , - , - , - , - , - , - , - , - , - , - , 216.8 , - , - , - , - , - , - , - , - , - , - , - , - , - , - , - ,,
,66,,Jalapeno ,, - , - , - , - , - , - , - , - , - , - , - , - , - , - , - , - , - , - , - , - , - , - , - , - , - , - , - , - , - , - , - , - , - , - , - , - , - , - , - , - ,,
,67,,Kachha aam ,, - , - , - , - , - , 0.6 , - , 0.5 , - , - , - , - , - , - , 0.5 , - , - , - , - , 0.7 , - , - , - , - , - , - , - , 0.6 , 0.5 , - , - , - , - , - , - , - , - , - , - , - ,,
,68,,Karela Big (Bitter Gourd Bada),, - , - , - , - , - , - , - , 1.1 , - , 33.0 , - , - , - , - , - , - , - , - , 44.0 , - , - , 1.1 , 6.6 , - , - , - , - , - , - , - , 2.8 , - , 44.0 , - , - , - , - , - , - , - ,,
,69,,Karela  Medium (Bitter Gourd) ,, - , 1.1 , - , - , - , - , - , 1.1 , - , - , - , - , - , 1.4 , - , - , - , - , - , - , - , - , - , - , - , - , - , - , - , - , - , - , - , - , - , - , - , - , - , - ,,
,70,,Kundaru (Coccinia) ,, - , - , - , - , - , - , - , - , - , - , - , - , - , - , - , - , - , - , - , - , - , - , - , - , - , - , - , - , - , - , - , - , - , - , - , - , - , - , - , - ,,
,71,,Lady's Finger (Bhindi) ,, - , 56.5 , 0.0 , 55.0 , 54.4 , - , 0.2 , 36.3 , 6.1 , 38.2 , 0.6 , 18.7 , 29.2 , 44.8 , - , 0.2 , 0.4 , 22.6 , 0.2 , 26.9 , 1.7 , 0.6 , 23.1 , 22.6 , 33.3 , 36.3 , 21.0 , 31.8 , 14.8 , 0.3 , 22.6 , - , 28.6 , 21.4 , - , - , - , - , - , - ,,
,72,,Leek ,, - , - , - , - , - , - , - , - , - , - , - , - , - , - , - , - , - , - , - , - , - , - , - , - , - , - , - , - , - , - , - , - , - , - , - , - , - , - , - , - ,,
,73,,Lemon Yellow (Nimbu) ,, 21.0 , 2.2 , 8.2 , 43.6 , 84.6 , 1.2 , 23.9 , 41.7 , 118.9 , 1.3 , 19.4 , 2.2 , 2.3 , 1.8 , 62.3 , 23.9 , 6.8 , 26.8 , 48.5 , 63.5 , 12.1 , 72.8 , 2.1 , 2.7 , 94.5 , 102.2 , 25.2 , 36.3 , 31.7 , 82.5 , 84.2 , - , 1.8 , 40.4 , - , - , - , - , - , - ,,
,74,,Lemon Greenish Yellow (Nimbu) ,, 127.1 , 137.6 , 154.4 , - , 89.8 , 128.1 , 99.5 , 133.0 , 105.0 , 93.5 , - , 112.4 , 132.3 , 105.0 , 129.2 , 130.2 , 120.8 , 95.6 , 105.0 , 137.6 , - , 24.1 , 129.2 , 114.2 , - , 98.7 , 66.2 , 105.0 , 33.6 , 155.4 , 157.5 , - , 126.0 , 105.0 , - , - , - , - , - , - ,,
,75,,Lemon Imported  (Nimbu) ,, - , - , - , - , - , - , - , - , - , - , - , - , - , - , - , - , - , - , - , - , - , - , - , - , - , - , - , - , - , - , - , - , - , - , - , - , - , - , - , - ,,
,76,,Lemon Grass ,, 0.1 , - , 0.1 , - , - , 0.1 , - , - , - , 0.2 , - , 0.2 , - , - , 0.2 , - , - , 0.1 , 0.1 , 0.2 , - , - , - , 0.1 , 0.1 , 0.1 , - , - , 0.1 , - , - , - , 0.1 , - , - , - , - , - , - , - ,,
,77,,Lemon Leaf ,, - , - , - , - , - , - , - , - , - , 0.1 , - , 0.1 , - , - , 0.1 , - , - , - , - , - , - , - , 0.1 , 0.1 , - , - , 0.1 , - , - , - , - , - , 0.1 , - , - , - , - , - , - , - ,,
,78,,Lettuce (Salad Patta) ,, 2.9 , 2.4 , 1.9 , 3.7 , 4.4 , 3.8 , 10.5 , 0.8 , 4.5 , 0.8 , 1.3 , 3.9 , 1.6 , 1.9 , 4.3 , 2.2 , 1.8 , 2.7 , 0.9 , 3.0 , 2.9 , 4.2 , 2.6 , 2.6 , 1.9 , 4.8 , 2.7 , 3.9 , 7.7 , 2.7 , 3.5 , - , 6.4 , 1.6 , - , - , - , - , - , - ,,
,79,,Lettuce Iceberg Red  ,, - , - , - , - , - , - , - , - , - , - , - , - , - , - , - , - , - , - , - , - , - , - , - , - , - , - , - , - , - , - , - , - , - , - , - , - , - , - , - , - ,,
,80,,Lettuce Iceberg ,, 13.2 , 5.9 , 7.6 , 12.7 , 13.4 , 5.5 , 16.3 , 3.9 , 7.4 , 9.8 , 5.5 , 9.3 , 5.6 , 14.3 , 11.1 , 6.8 , 14.8 , 9.8 , 15.3 , 3.0 , 12.3 , 17.0 , 9.1 , 11.4 , 3.4 , 11.7 , 3.5 , 14.6 , 14.9 , 14.9 , 2.8 , - , 22.5 , 4.2 , - , - , - , - , - , - ,,
,81,,Lobia Fali,, - , - , - , - , - , - , - , - , - , - , - , - , - , - , - , - , - , - , - , - , - , - , - , - , - , - , - , - , - , - , - , - , - , - , - , - , - , - , - , - ,,
,82,,Lollo Rosso ,, 1.2 , 0.3 , - , - , - , - , - , 0.3 , - , - , - , 0.3 , - , - , - , - , 0.3 , 0.3 , - , - , 0.3 , - , - , - , 0.3 , - , - , - , - , - , - , - , 0.3 , - , - , - , - , - , - , - ,,
,83,,Lotus Stem (Kamal Kakri) ,, - , - , - , - , - , - , - , - , - , - , - , 0.6 , - , - , - , - , 1.4 , 0.6 , - , 0.7 , - , - , - , - , 0.6 , - , 0.6 , - , 0.8 , - , - , - , - , - , - , - , - , - , - , - ,,
,84,,Mint (Pudina) ,, 4.0 , 50.1 , 8.8 , 38.1 , 7.0 , 4.3 , 11.0 , 59.0 , 80.6 , 41.5 , 9.7 , 46.6 , 54.8 , 39.7 , 50.5 , 56.2 , 18.6 , 25.2 , 47.2 , 50.7 , 42.5 , 60.0 , 47.2 , 9.1 , 28.5 , 52.0 , 57.8 , 58.3 , 12.1 , 51.4 , 63.4 , - , 56.9 , 54.2 , - , - , - , - , - , - ,,
,85,,Mushroom ,, 3.0 , 8.2 , 13.0 , 2.0 , 7.0 , 2.5 , 24.0 , 2.5 , 29.3 , 2.0 , 3.0 , 15.2 , 2.5 , 3.0 , 4.0 , 7.0 , 3.0 , 8.0 , 3.0 , 5.0 , 19.0 , 1.0 , 7.0 , 2.0 , 2.5 , 8.5 , 15.5 , 8.5 , 4.5 , 0.5 , 7.9 , - , 2.5 , 3.5 , - , - , - , - , - , - ,,
,86,,Mushroom packet (200g) ,, 10.0 , 22.0 , 14.0 , 17.0 , 22.0 , 5.0 , 15.0 , 1.0 , 8.0 , 11.0 , 15.0 , 15.0 , 4.0 , 16.0 , 12.0 , 13.0 , 18.0 , 8.0 , 29.0 , 19.0 , 26.0 , 12.0 , 10.0 , 19.0 , 10.0 , 20.0 , 7.0 , 26.0 , 22.0 , 17.0 , 12.0 , - , 25.0 , 22.0 , - , - , - , - , - , - ,,
,87,,Mushroom Tandoori,,,,,,,,,,, - , 15.0 , 18.0 , 18.0 , 21.0 , 1.2 , 1.2 , 1.5 , - , 11.8 , 3.0 , 5.5 , 1.7 , 3.0 , 5.0 , 5.0 , 3.0 , 4.3 , 6.0 , 3.3 , 7.0 , 4.5 , - , 5.0 , 20.0 , - , - , - , - , - , - ,,
,88,,Mustard (Sarson) ,, - , - , - , - , - , - , - , - , - , - , - , - , - , - , - , - , - , - , - , - , - , - , - , - , - , 2.9 , - , - , - , - , - , - , - , - , - , - , - , - , - , - ,,
,89,,Onion Nasik Big (Bada Nasik Pyaaz) ,," 1,125.6 ", 969.6 , 952.5 ," 1,081.2 "," 1,186.8 "," 1,095.6 "," 1,117.2 ", 976.8 ," 1,254.0 "," 1,003.2 "," 1,177.2 "," 1,186.8 "," 1,150.2 ", 981.6 , 692.6 ," 2,815.8 "," 1,048.2 "," 1,180.5 "," 1,219.8 ", 909.4 , 931.8 , 817.3 ," 1,160.4 "," 1,244.4 ", 897.0 ," 1,315.8 ", 993.0 , 975.0 , 973.8 , 587.8 , 946.4 ," 2,252.1 ", 758.7 , 822.0 ," 1,052.5 "," 1,428.8 "," 1,474.5 ",#DIV/0!,#DIV/0!,#DIV/0!,,
,90,,Onion Nasik Medium (Medium Nasik Pyaaz) ,, 5.0 , 10.2 , 8.0 , 4.6 , 16.0 , 4.4 , 18.4 , 7.2 , 6.0 , 13.4 , 24.0 , 10.0 , 7.0 , 8.2 , 81.6 , 9.4 , 9.0 , 15.4 , 12.0 , 5.0 , 23.0 , 7.8 , 14.0 , 11.0 , 7.2 , 17.0 , 9.5 , 23.0 , 10.0 , 12.4 , 20.0 , - , 14.0 , 6.8 , - , - , - , - , - , - ,,
,91,,Onion Red Big (Bada Laal Pyaaz) ,, - , - , - , - , - , - , - , 24.0 , - , - , - , 36.0 , - , - , 60.0 , - , - , - , - , - , - , - , - , 12.0 , - , 60.0 , - , - , - , - , - , - , - , - , - , - , - , - , - , - ,,
,92,,Onion Red Medium (Medium Laal Pyaaz) ,, - , - , - , - , - , - , - , - , - , - , - , - , - , - , - , - , - , - , - , - , - , - , - , - , - , - , - , - , - , - , - , - , - , - , - , - , - , - , - , - ,,
,93,,Onion Small (Sirka pyaaz) ,, 3.2 , 6.0 , 12.0 , 6.3 , 3.6 , 6.0 , 12.0 , 14.4 , 42.0 , 18.0 , 1.0 , 2.0 , 2.0 , 7.2 , 2.0 , 1.0 , 18.3 , 3.0 , 1.7 , 3.0 , 3.0 , 5.0 , 5.0 , 1.0 , 2.4 , 1.2 , 1.0 , 1.0 , 1.0 , 8.4 , 2.0 , - , 2.0 , 9.9 , - , - , - , - , - , - ,,
,94,,Onion White (Safed Pyaaz) ,, - , - , - , - , - , - , - , - , - , - , - , - , - , - , - , - , - , - , - , - , - , - , - , - , - , - , - , - , - , - , - , - , - , - , - , - , - , - , - , - ,,
,95,,Oregano ,, - , - , - , - , - , - , - , - , - , - , - , - , - , - , - , - , - , - , - , - , - , - , - , - , - , - , - , - , - , - , - , - , - , - , - , - , - , - , - , - ,,
,96,,Papaya Raw (Kachcha Papita) ,, 1.2 , - , 0.7 , - , - , - , - , 0.6 , - , - , - , - , 1.1 , - , 0.6 , - , - , - , - , 0.7 , - , - , 0.6 , 1.1 , 0.6 , - , - , 0.6 , - , - , - , - , - , - , - , - , - , - , - , - ,,
,97,,Parsley Local ,, 0.1 , 0.9 , 0.3 , 1.1 , 1.3 , - , 0.5 , - , 0.5 , 0.3 , 0.5 , 0.7 , 0.5 , 0.5 , 1.0 , 0.5 , 0.4 , 0.5 , 0.4 , - , 0.8 , - , 0.1 , 0.6 , 0.3 , 1.0 , - , 1.3 , - , 1.0 , 0.3 , - , 1.0 , - , - , - , - , - , - , - ,,
,98,,Parsley Italian ,, 1.1 , - , - , - , - , - , - , - , - , - , - , - , - , - , - , - , - , - , - , - , - , - , - , - , - , - , - , - , - , - , - , - , - , 0.5 , - , - , - , - , - , - ,,
,99,,Parval ,, - , - , - , 11.5 , - , 63.3 , - , - , - , - , 13.8 , - , 69.0 , - , - , - , - , 11.5 , 62.0 , - , 17.3 , - , - , - , 13.8 , - , - , - , - , - , 11.5 , - , - , - , - , - , - , - , - , - ,,
,100,,Peas (Matar) ,, - , 2.2 , - , - , - , - , - , 1.1 , 0.1 , - , - , - , - , 1.1 , 0.3 , 1.1 , 0.6 , - , - , 0.6 , - , - , 0.7 , - , - , - , 0.6 , - , - , - , - , - , - , - , - , - , - , - , - , - ,,
,101,,Peas Frozen ,, - , 1.0 , - , - , 1.0 , 20.0 , - , - , - , - , - , - , - , 1.0 , - , - , 1.0 , 1.0 , 1.0 , - , 1.0 , 1.0 , - , 1.0 , - , 1.0 , - , 2.0 , 3.0 , - , 1.0 , - , 1.0 , - , - , - , - , - , - , - ,,
,102,,Pokchoy ,, 1.8 , 0.4 , 0.4 , 0.2 , 0.5 , 0.3 , - , 0.4 , 0.3 , 0.9 , 0.4 , 0.3 , 0.4 , 0.5 , 0.5 , 0.4 , 0.3 , 0.3 , 1.4 , 0.3 , 0.3 , 0.4 , 0.4 , 0.3 , 0.8 , 0.2 , - , 0.8 , 0.3 , 0.5 , 0.6 , - , 0.9 , 0.5 , - , - , - , - , - , - ,,
,103,,Potato Baby (Chu Chu Aloo) ,, 0.6 , 15.6 , 12.0 , 46.0 , - , 1.0 , - , 5.4 , 7.0 , - , 0.4 , - , - , 2.0 , 11.4 , - , - , - , - , - , - , 11.3 , 4.9 , - , - , - , 2.0 , 0.6 , 0.2 , 2.0 , 0.2 , - , 1.0 , - , - , - , - ,#DIV/0!,#DIV/0!,#DIV/0!,,
,104,,Potato Big  (Mota Aloo) G1,, 466.0 , 688.1 , 373.2 , 704.7 , 566.5 , 552.0 , 864.4 , 358.1 , 716.1 , 468.1 , 829.5 , 642.8 , 470.8 , 431.7 , 743.8 , 791.1 , 520.9 , 696.0 , 455.0 , 451.2 , 702.2 , 600.5 , 441.5 , 470.0 , 551.5 , 592.0 , 596.3 ," 1,019.4 ", 702.0 , 507.6 , 646.1 , 997.1 ," 1,232.4 ", 356.2 ," 1,158.0 "," 1,587.0 ", 843.0 ,#DIV/0!,#DIV/0!,#DIV/0!,,
,105,,Potato Big  (Mota Aloo) G2,, - , - , - , - , - , - , - , - , - , - , - , - , - , - , - , - , - , - , - , - , - , - , - , - , - , - , - , - , - , - , - , - , - , - , - , - , - ,#DIV/0!,#DIV/0!,#DIV/0!,,
,106,,Potato Medium  (Medium Aloo) G1,, - , 0.4 , 1.4 , 0.4 , 0.4 , 2.4 , 1.4 , 0.4 , - , - , 3.0 , - , 2.0 , - , 1.0 , 2.0 , - , 6.0 , - , 2.0 , 1.0 , 2.0 , - , - , 1.0 , - , - , - , - , - , 1.0 , - , 1.0 , - , - , - , - ,#DIV/0!,#DIV/0!,#DIV/0!,,
,107,,Potato Medium  (Medium Aloo) G2,, - , 2.4 , 6.0 , - , - , - , 6.0 , - , - , 2.4 , - , 4.8 , 2.4 , - , - , - , 6.0 , 1.0 , 2.4 , - , - , 2.4 , 2.4 , - , 12.0 , - , - , - , - , 6.0 , - , - , - , - , - , - , - ,#DIV/0!,#DIV/0!,#DIV/0!,,
,108,,Potato Pahari  (Pahari Aloo) G1,, - , - , - , - , 12.0 , 10.0 , 10.0 , 10.0 , 12.0 , 34.0 , 30.0 , 42.0 , 30.0 , 10.0 , 16.0 , 17.0 , 0.6 , 18.0 , 25.0 , 13.0 , 14.8 , 14.0 , 4.0 , 4.0 , - , 12.0 , 10.0 , 70.0 , 66.0 , 55.0 , 55.0 , 5.0 , 12.0 , 1.0 , 15.0 , 22.5 , 15.0 ,#DIV/0!,#DIV/0!,#DIV/0!,,
,109,,Potato Pahari  (Pahari Aloo) G2,, - , - , - , - , - , - , - , - , - , - , - , - , - , - , - , - , - , - , - , - , - , - , - , - , - , - , - , - , - , - , - , - , - , - , - , - , - ,#DIV/0!,#DIV/0!,#DIV/0!,,
,110,,Potato Pahari Haldwani (Pahari Aloo Haldwani) G1,, - , - , - , - , - , - , - , - , - , - , - , - , - , - , - , - , - , - , - , - , - , - , - , - , - , - , - , - , - , - , - , - , - , - , - , - , - ,#DIV/0!,#DIV/0!,#DIV/0!,,
,111,,Potato Pahari Haldwani (Pahari Aloo Haldwani) G2,, - , - , - , - , - , - , - , - , - , - , - , - , - , - , - , - , - , - , - , - , - , - , - , - , - , - , - , - , - , - , - , - , - , - , - , - , - ,#DIV/0!,#DIV/0!,#DIV/0!,,
,112,,Potato Pahari Jali  (Pahari Aloo Jali) G1,, 109.8 , 76.6 , 58.8 , 105.4 , 93.8 , 103.8 , 123.6 , 114.6 , 125.6 , 101.3 , 115.6 , 242.4 , 101.2 , 89.0 , 98.0 , 76.2 , 83.8 , 104.6 , 110.4 , 120.3 , 127.5 , 116.7 , 102.6 , 94.4 , 109.8 , 105.5 , 108.4 , 108.6 , 7.4 , 110.8 , 120.6 , 92.5 , 141.9 , 121.2 , 88.0 , 132.0 , 48.0 ,#DIV/0!,#DIV/0!,#DIV/0!,,
,113,,Potato Pahari Jali  (Pahari Aloo Jali) G2,, - , - , - , - , - , - , - , 24.0 , - , - , - , 24.0 , - , - , 60.0 , - , - , - , - , - , - , - , - , 12.0 , - , 60.0 , - , - , - , - , - , - , - , - , - , - , - ,#DIV/0!,#DIV/0!,#DIV/0!,,
,114,,Potato Pahari Simsona  (Pahari Aloo Simsona) G1,, - , - , - , - , - , - , - , - , - , - , - , - , - , - , - , - , - , - , - , - , - , - , - , - , - , - , - , - , - , - , - , - , - , - , - , - , - ,#DIV/0!,#DIV/0!,#DIV/0!,,
,115,,Potato Pahari Simsona  (Pahari Aloo Simsona) G2,, - , - , - , - , - , - , - , - , - , - , - , - , - , - , - , - , - , - , - , - , - , - , - , - , - , - , - , - , - , - , - , - , - , - , - , - , - ,#DIV/0!,#DIV/0!,#DIV/0!,,
,116,,Potato Pahari Surya (Pahari Aloo Surya) G1,, - , - , - , - , - , - , - , - , - , - , - , - , - , - , - , - , - , - , - , - , - , - , - , - , - , - , - , - , - , - , - , - , - , - , - , - , - ,#DIV/0!,#DIV/0!,#DIV/0!,,
,117,,Potato Pahari Surya (Pahari Aloo Surya) G2,, - , - , - , - , - , - , - , - , - , - , - , - , - , - , - , - , - , - , - , - , - , - , - , - , - , - , - , - , - , - , - , - , - , - , - , - , - ,#DIV/0!,#DIV/0!,#DIV/0!,,
,118,,Potato Small (Dum Aloo) ,, - , 18.0 , - , - , - , - , - , - , 48.0 , - , - , - , - , - , - , - , - , 12.0 , 3.2 , 2.5 , - , 6.0 , - , - , - , - , - , - , - , - , - , - , - , - , - , - , - , - , - , - ,,
,119,,Potato Surya  (Surya Aloo) ,, - , - , - , - , - , - , - , - , - , - , - , - , - , - , - , - , - , - , - , - , - , - , - , - , - , - , - , - , - , - , - , - , - , - , - , - , - , - , - , - ,,
,120,,Potato Sugarfree,, - , - , - , - , - , - , - , - , - , - , - , - , - , - , - , - , - , - , - , - , - , - , - , - , - , - , - , - , - , - , - , - , - , - , - , - , - , - , - , - ,,
,121,,Pumpkin Green (Kaddoo Hara) ,, - , 3.3 , - , - , - , 1.1 , - , - , - , - , - , - , - , - , 1.6 , - , 1.1 , - , 1.1 , 3.4 , 3.3 , - , - , - , 2.2 , - , 3.9 , - , 3.5 , - , 5.6 , - , 4.1 , - , - , - , - , - , - , - ,,
,122,,Pumpkin Yellow (Kaddoo Peela) ,, - , - , - , - , - , - , - , - , - , - , - , - , - , - , - , - , - , - , - , - , - , - , 2.2 , 3.5 , - , - , - , - , - , - , - , - , - , - , - , - , - , - , - , - ,,
,123,,Pumpkin White (Safed Kadoo) ,, - , - , - , - , - , - , - , - , - , - , - , - , - , - , - , - , - , - , - , - , - , - , - , - , - , - , - , - , - , - , - , - , - , - , - , - , - , - , - , - ,,
,124,,Radish  (Mooli) ,, 4.4 , 1.1 , - , 1.2 , - , 2.3 , - , 1.1 , - , - , 1.1 , - , 1.1 , - , - , 2.2 , - , 1.1 , - , - , - , 1.1 , 1.1 , 1.1 , - , - , 1.1 , - , 0.6 , - , 1.1 , - , 1.1 , - , - , - , - , - , - , - ,,
,125,,Radish Red (Mooli Lal) ,, - , - , - , - , - , - , - , - , - , - , - , - , - , - , - , - , - , - , - , - , - , - , - , - , - , - , - , - , - , - , - , - , - , - , - , - , - , - , - , - ,,
,126,,Red Cabbage ,, 11.6 , - , 12.1 , - , - , 12.1 , 0.9 , - , - , 5.0 , 5.0 , - , - , - , 10.0 , - , 10.0 , - , 5.0 , - , 10.0 , 0.6 , - , - , 10.0 , - , - , - , 2.5 , - , - , - , 0.5 , 10.0 , - , - , - , - , - , - ,,
,127,,Red Capsicum (Lal Simla Mirch) ,, 6.3 , 3.6 , 3.0 , 4.4 , 4.0 , 2.0 , 3.7 , 1.4 , 2.4 , 3.1 , 7.3 , 1.5 , 2.9 , 10.3 , 4.0 , 3.6 , 1.4 , 3.3 , 2.4 , 3.3 , 3.3 , 5.7 , 2.6 , 3.2 , 3.9 , 2.5 , 2.8 , 7.6 , 6.4 , 5.3 , 6.5 , - , 4.3 , 2.0 , - , - , - , - , - , - ,,
,128,,Red Chilli (Lal Mirch) ,, - , - , - , 0.6 , 0.2 , - , 0.4 , 1.1 , 0.1 , - , - , - , 0.0 , - , - , - , 0.0 , 0.0 , - , - , - , - , 1.3 , 0.1 , - , - , - , 0.1 , - , 0.1 , - , - , 0.1 , - , - , - , - , - , - , - ,,
,129,,Red Pumpkin ,, - , - , - , - , - , - , - , - , - , - , - , - , - , - , - , - , - , - , - , - , - , 5.5 , - , - , - , - , - , 330.0 , 174.1 , 71.6 , - , - , 77.1 , - , - , - , - , - , - , - ,,
,130,,Rocket Leaves/ Arugula (Taramira) ,, - , - , - , - , - , - , - , - , - , - , - , - , - , - , - , - , - , - , - , - , - , - , - , - , - , - , - , - , - , - , 0.3 , - , - , - , - , - , - , - , - , - ,,
,131,,Romaine Lettuce ,, - , - , - , - , - , - , - , - , - , - , - , - , - , - , 1.0 , - , 3.0 , - , - , - , - , - , - , - , - , - , - , - , - , - , - , - , - , - , - , - , - , - , - , - ,,
,132,,Rosemary (Mehndi) ,, - , - , - , - , - , - , - , - , - , - , - , - , - , - , - , - , - , - , - , - , - , - , - , - , 0.1 , - , - , - , - , - , - , - , - , - , - , - , - , - , - , - ,,
,133,,Sage Herb ,, - , - , - , - , - , - , - , - , - , - , - , - , - , - , - , - , - , - , - , - , - , - , - , - , - , - , - , - , - , - , - , - , - , - , - , - , - , - , - , - ,,
,134,,Snow Peas ,, 0.2 , - , - , - , - , - , - , - , - , - , - , - , - , - , - , - , - , - , - , - , - , - , - , - , - , - , - , - , - , - , - , - , - , - , - , - , - , - , - , - ,,
,135,,Soya Patta (Dill) ,, - , - , - , - , - , - , - , - , - , - , - , - , - , - , - , - , - , - , - , - , - , - , - , - , - , - , - , - , - , - , - , - , - , - , - , - , - , - , - , - ,,
,136,,Spinach (Palak) ,, 26.4 , 36.5 , 43.1 , 123.8 , 90.4 , 35.3 , 14.2 , 68.1 , 57.8 , 98.5 , 70.4 , 81.2 , 12.7 , 35.8 , 44.0 , 16.6 , 64.1 , 45.8 , 12.5 , 41.8 , 24.2 , 42.5 , 76.5 , 42.2 , 65.2 , 65.6 , 36.3 , 105.6 , 36.0 , 44.1 , 21.1 , - , 85.7 , 73.7 , - , - , - , - , - , - ,,
,137,,Spring Onion  (Hara pyaaz) ,, 6.3 , 4.8 , 8.7 , 1.4 , 7.4 , 4.3 , 4.7 , 3.3 , 6.6 , 4.7 , 4.1 , 4.4 , 4.1 , 8.0 , 5.1 , 3.6 , 5.9 , 3.6 , 8.3 , 3.6 , 2.5 , 6.9 , 2.2 , 4.7 , 5.4 , 7.4 , 2.2 , 9.1 , 5.8 , 2.5 , 5.4 , - , 9.1 , 4.7 , - , - , - , - , - , - ,,
,138,,Sprouts Mixed,, - , - , - , - , - , - , - , - , - , - , - , - , - , - , - , - , - , - , - , - , - , - , - , - , - , - , - , - , - , - , - , - , - , - , - , - , - , - , - , - ,,
,139,,Staff Vegetables,, - , - , - , - , - , - , - , - , - , 6.0 , 3.0 , 3.0 , 1.0 , 3.5 , 10.2 , 5.0 , 4.5 , 6.5 , 10.0 , 3.1 , 6.0 , 4.3 , 7.0 , 4.5 , 2.0 , 4.5 , 6.5 , 5.0 , 3.5 , 13.5 , 7.7 , - , 7.5 , 3.0 , - , - , - , - , - , - ,,
,140,,Sweet Corn ,, - , 1.0 , - , - , - , - , 1.0 , 1.0 , - , - , - , - , - , - , 1.0 , - , 1.0 , - , - , - , 1.0 , - , - , 3.0 , - , - , 1.0 , - , - , - , - , - , - , - , - , - , - , - , - , - ,,
,141,,Sweet Corn (Safal) ,, - , - , - , - , - , - , - , - , - , - , - , - , - , - , - , - , - , - , - , - , - , - , - , - , - , - , - , - , - , - , - , - , - , - , - , - , - , - , - , - ,,
,142,,Sweet Lime ,, - , - , - , - , - , - , - , - , - , - , - , - , - , - , - , - , - , - , - , - , - , - , - , - , - , - , - , - , - , - , - , - , - , - , - , - , - , - , - , - ,,
,143,,Sweet Potato ,, - , - , - , - , - , - , - , - , - , - , - , - , - , - , - , - , - , - , - , - , - , - , - , - , - , - , - , - , - , - , - , - , - , - , - , - , - , - , - , - ,,
,144,,Sweet Potato Small ,, - , - , - , - , - , - , - , - , - , - , - , - , - , - , - , - , - , - , - , - , - , - , - , - , - , - , - , - , - , - , - , - , - , - , - , - , - , - , - , - ,,
,145,,Thai Ginger ,, 0.1 , - , 0.1 , - , - , - , - , - , - , 0.3 , - , 0.2 , - , - , 0.1 , - , - , 0.1 , - , 0.1 , - , - , 0.1 , - , - , 0.1 , - , - , 0.1 , - , - , - , 0.1 , - , - , - , - , - , - , - ,,
,146,,Thyme (Ajwain) ,, 0.1 , - , - , - , - , - , - , - , - , - , - , - , - , - , 0.1 , - , - , - , - , - , - , - , - , - , - , - , - , - , - , - , - , - , 0.3 , - , - , - , - , - , - , - ,,
,147,,Tinda (Indian Bottlegourd) ,, - , 0.7 , - , - , - , - , - , 1.7 , - , - , - , - , - , 1.1 , - , 1.1 , - , - , 0.6 , - , - , - , - , - , - , - , - , - , - , - , - , - , - , - , - , - , - , - , - , - ,,
,148,,Tomato (For gravy) (Gravy Tamatar) ,, 18.9 , 4.6 , 63.6 , 4.6 , 35.7 , 6.9 , 64.4 , 6.9 , 64.4 , 50.6 , 24.5 , 4.6 , 52.3 , 64.4 , 40.3 , 5.8 , 30.5 , 3.8 , 42.0 , 6.3 , 1.7 , 54.6 , 15.3 , 18.5 , 33.4 , 10.2 , 21.3 , 2.1 , 58.1 , 21.9 , 44.9 , - , 5.8 , 5.8 , - , - , - , - , - , - ,,
,149,,Tomato Desi  (Desi Tamatar) G1,, - , 1.2 , - , - , - , - , 1.2 , 23.0 , 2.3 , - , 2.3 , 24.2 , - , 2.3 , 18.4 , 24.2 , 6.9 , 1.2 , 4.6 , 2.3 , 6.9 , 1.2 , 1.2 , 6.9 , 1.2 , 5.8 , 2.3 , 5.8 , 1.2 , 5.8 , 2.3 , - , 23.0 , 2.3 , - , - , - , - , - , - ,,35%
,150,,Tomato Desi  (Desi Tamatar) G2,, 89.7 , 222.0 , 369.2 , 331.1 , 287.5 , 198.7 , 190.3 , 249.0 , 360.3 , 232.5 , 339.3 , 331.2 , 287.5 , 139.6 , 53.3 , 350.8 , 402.5 , 386.3 , 204.2 , 115.0 , 17.8 , 144.2 , 345.0 , 267.5 , 262.3 , 172.5 , 186.2 , 219.2 , 221.3 , 284.4 , 556.7 , - , 289.8 , 310.4 , - , - , - , - , - , - ,,
,151,,Tomato Desi Green (Desi Tamatar Hara),, - , - , - , - , - , - , - , - , - , - , - , - , - , - , - , - , - , - , - , - , - , - , - , - , - , - , - , - , - , - , - , - , - , - , - , - , - , - , - , - ,,
,152,,Tomato Desi Peela (Desi Tamatar Peela),, - , - , - , - , - , - , - , - , - , - , - , - , - , - , - , - , - , - , - , - , - , - , - , - , - , - , - , - , - , - , - , - , - , - , - , - , - , - , - , - ,,
,153,,Tomato Goli (Goli Tamatar) ,, 16.1 , - , - , 46.0 , - , 5.8 , - , 28.8 , - , 28.8 , - , - , - , - , 28.8 , - , 28.8 , - , - , - , - , - , - , - , - , - , - , - , - , - , - , - , 0.2 , - , - , - , - , - , - , - ,,
,154,,Tomato Green Hybrid (Green Hybrid Tamatar),, - , - , - , - , - , - , - , - , - , - , - , - , - , - , - , - , - , - , - , - , - , - , - , - , - , - , - , - , - , - , 2.3 , - , - , - , - , - , - , - , - , - ,,
,155,,Tomato Hybrid  (Hybrid Tamatar) G1,, 67.9 , 51.8 , 56.4 , 49.5 , 77.1 , 32.2 , 81.7 , 59.8 , 44.9 , 35.7 , 49.5 , 55.2 , 52.9 , 33.4 , 69.8 , 52.9 , 39.1 , 31.3 , 85.1 , 46.0 , 67.9 , 118.4 , 47.3 , 23.0 , 23.0 , 63.3 , 69.0 , 75.9 , 69.6 , 63.3 , 42.6 , 40.3 , 86.3 , 50.6 , - , - , - , - , - , - ,,
,156,,Tomato Hybrid  (Hybrid Tamatar) G2,, 151.3 , 430.1 , 342.9 , 249.5 , 260.1 , 338.4 , 426.0 , 495.7 , 425.4 , 338.1 , 420.7 , 457.0 , 202.3 , 194.9 , 456.2 , 448.0 , 298.7 , 387.8 , 434.5 , 254.7 , 162.6 , 238.6 , 285.8 , 311.2 , 300.7 , 419.1 , 278.8 , 436.7 , 403.0 , 415.8 , 701.3 , - , 205.3 , 360.7 , - , - , - , - , - , - ,,
,157,,Tomato Hybrid Red (Hybrid Tamatar Laal),, - , - , - , - , - , - , - , - , - , - , - , - , - , - , - , - , - , - , - , - , - , - , - , - , - , - , - , - , - , - , - , - , - , - , - , - , - , - , - , - ,,
,158,,Tomato Hybrid Yellow (Hybrid Tamatar Peela),, - , - , - , - , - , - , - , - , - , - , - , - , - , - , - , - , - , - , - , - , - , - , - , - , - , - , - , - , - , - , - , - , - , - , - , - , - , - , - , - ,,
,159,,Tomato Yellow (For gravy) (Gravy Tamatar Peela),, - , - , - , - , - , - , - , - , - , - , - , - , - , - , - , - , - , - , - , - , - , - , - , - , - , - , - , - , - , - , - , - , - , - , - , - , - , - , - , - ,,
,160,,Turai ,, 57.5 , 1.2 , - , - , 63.3 , - , - , 1.2 , - , - , 66.0 , 1.1 , - , 1.3 , - , 1.1 , 2.2 , 66.0 , 0.1 , 0.1 , 60.5 , - , 2.2 , 0.6 , - , 61.6 , - , - , 1.1 , 65.0 , - , - , - , - , - , - , - , - , - , - ,,
,161,,Turmeric Raw (Haldi Raw),, 57.5 , 1.2 , - , - , 63.3 , - , - , 1.2 , - , - , - , - , - , - , - , - , - , - , - , - , - , - , - , - , - , - , - , - , - , - , - , - , - , - , - , - , - , - , - , - ,,
,162,,Turnip (Shalgam) ,, - , - , - , - , - , - , - , - , - , - , - , - , - , - , - , - , - , - , - , - , - , - , - , - , - , - , - , - , - , - , - , - , - , - , - , - , - , - , - , - ,,
,163,,Wafer potato (Wafer aloo) ,, - , - , - , - , - , - , - , - , - , - , - , - , - , - , - , - , - , - , - , - , - , - , - , - , - , - , - , - , - , - , - , - , - , - , - , - , - , - , - , - ,,
,164,,Yam ,, - , - , - , - , - , - , - , - , - , - , - , - , - , - , - , - , - , - , - , - , - , - , - , - , - , - , - , - , - , - , - , - , - , - , - , - , - , - , - , - ,,
,165,,Yellow Capsicum (Peela Simla Mirch) ,, 5.8 , 3.9 , 3.2 , 4.4 , 4.3 , 2.1 , 3.6 , 1.9 , 3.0 , 3.0 , 2.1 , 8.0 , 2.1 , 8.3 , 4.0 , 3.2 , 0.9 , 2.9 , 2.8 , 3.6 , 3.3 , 5.6 , 2.7 , 3.4 , 4.0 , 3.2 , 2.6 , 7.8 , 6.8 , 4.1 , 6.4 , - , 6.5 , 2.5 , - , - , - , - , - , - ,,
,166,,Zucchini Green (Jugni) ,, 5.1 , 0.9 , 0.8 , 3.5 , 0.2 , - , 0.9 , 2.9 , 0.8 , 0.9 , 2.7 , 3.1 , 0.5 , 0.3 , 3.0 , 0.7 , 0.4 , 3.5 , 1.3 , 0.1 , 0.4 , 1.9 , - , 1.7 , 0.2 , 2.5 , 2.0 , 1.4 , 0.0 , 1.4 , 0.2 , - , 4.1 , 0.2 , - , - , - , - , - , - ,,
,167,,Zucchini Yellow (Jugni) ,, 5.4 , 2.2 , - , 0.2 , 3.3 , - , 3.9 , - , 0.7 , 0.6 , 0.6 , - , - , 1.9 , 0.6 , 1.1 , - , - , 1.1 , - , 1.9 , 1.2 , 2.2 , - , - , 2.2 , - , 3.1 , - , 4.1 , - , - , 3.9 , - , - , - , - , - , - , - ,,
,,,,,,,,,,,,,,,,,,,,,,,,,,,,,,,,,,,,,,,,,,,,,,
,,,Total,," 3,111.7 "," 3,682.7 "," 3,176.2 "," 3,753.9 "," 3,823.6 "," 3,403.6 "," 3,990.1 "," 3,382.5 "," 4,457.1 "," 3,230.7 "," 4,182.1 "," 4,192.2 "," 3,457.5 "," 3,082.3 "," 3,627.3 "," 5,712.7 "," 3,484.7 "," 3,906.7 "," 3,824.7 "," 3,055.6 "," 3,023.6 "," 3,176.7 "," 3,545.5 "," 3,445.8 "," 3,488.9 "," 4,052.9 "," 3,225.7 "," 4,585.6 "," 3,679.7 "," 3,558.6 "," 4,676.3 "," 3,588.8 "," 4,175.6 "," 3,243.6 "," 2,455.2 "," 3,349.2 "," 2,592.0 ",#DIV/0!,#DIV/0!,#DIV/0!,,
,,,,,,,,,,,,,,,,,,,,,,,,,,,,,,,,,,,,,,,,,,,,,,
,,,,,,,,,,,,,,,,,,,,,,,,,,,,,,,,,,,,,,,,,,,,,,
,,,,,,,,,,,,,,,,,,,,,,,,,,,,,,,,,,,,,,,,,,,,,,
,,,,,1 Sep 16,2 Sep 16,3 Sep 16,4 Sep 16,5 Sep 16,6 Sep 16,7 Sep 16,8 Sep 16,9 Sep 16,10 Sep 16,11 Sep 16,12 Sep 16,13 Sep 16,14 Sep 16,15 Sep 16,16 Sep 16,17 Sep 16,18 Sep 16,19 Sep 16,20 Sep 16,21 Sep 16,22 Sep 16,23 Sep 16,24 Sep 16,25 Sep 16,26 Sep 16,27 Sep 16,28 Sep 16,29 Sep 16,30 Sep 16,1 Oct 16,2 Oct 16,3 Oct 16,4 Oct 16,5 Oct 16,6 Oct 16,7 Oct 16,8 Oct 16,9 Oct 16,10 Oct 16,,
,,,Fruits,,,,,,,,,,,,,,,,,,,,,,,,,,,,,,,,,,,,,,,,,,,
,1,,Apple Fuji China,, - , - , - , - , - , - , - , - , - , - , - , - , - , - , - , - , - , - , - , - , - , - , - , - , - , - , - , - , - , - , - , - , - , - , - , - , - , - , - , - ,,
,2,,Apple Juice Quality,, - , - , - , - , - , - , - , - , - , - , - , - , - , - , - , - , - , - , - , - , - , - , - , - , - , - , - , - , - , - , - , - , - , - , - , - , - , - , - , - ,,
,3,,Apple Green,, - , - , - , - , - , - , - , - , - , - , - , - , - , - , - , 1.0 , 1.0 , - , 0.5 , - , - , - , - , - , - , - , - , - , - , - , - , - , - , - , - , - , - , - , - , - ,,
,4,,Apple Kinnor,, - , - , - , - , - , - , - , - , - , - , - , - , - , - , - , - , - , - , - , - , - , - , - , - , - , - , - , - , - , - , - , - , - , - , - , - , - , - , - , - ,,
,5,,Apple Red Delicious,, - , - , - , - , - , - , - , - , - , - , - , - , - , - , - , - , - , - , - , - , - , - , - , - , - , - , - , - , - , - , 12.0 , - , - , - , - , - , - , - , - , - ,,
,6,,Apple Shimla,, 4.0 , 1.0 , - , 1.0 , 2.0 , 1.0 , 5.0 , - , 5.0 , 0.5 , 1.0 , 5.0 , 1.0 , 1.0 , 5.0 , 1.0 , 2.0 , 1.5 , 5.0 , 1.4 , 1.0 , 1.6 , 2.5 , 1.0 , 4.6 , 1.0 , 5.0 , 1.0 , 0.5 , 25.1 , - , - , 24.5 , - , - , - , - , - , - , - ,,
,7,,Apple Washington,, - , - , - , - , - , - , - , - , - , - , - , - , - , - , - , - , - , - , - , - , - , - , - , - , - , - , - , - , - , - , - , - , - , - , - , - , - , - , - , - ,,
,8,,Apricot (Khubanee),, - , - , - , - , - , - , - , - , - , - , - , - , - , - , - , - , - , - , - , - , - , - , - , - , - , - , - , - , - , - , - , - , - , - , - , - , - , - , - , - ,,
,9,,Apricot Dry (Khubanee Dry),, - , - , - , - , - , - , - , - , - , - , - , - , - , - , - , - , - , - , - , - , - , - , - , - , - , - , - , - , - , - , - , - , - , - , - , - , - , - , - , - ,,
,10,,Avocado ,, - , - , - , - , - , - , - , - , - , - , - , - , - , - , - , - , - , - , - , - , - , - , - , - , - , - , - , - , - , - , - , - , - , - , - , - , - , - , - , - ,,
,11,,Banana (Kela) ,, - , - , 3.0 , 2.0 , 3.0 , 2.0 , 2.0 , - , - , 1.0 , - , - , - , - , - , 2.0 , - , 1.0 , 4.2 , - , - , - , - , - , - , - , - , - , - , 0.5 , - , - , - , - , - , - , - , - , - , - ,,
,12,,Banana (Ethylene Ripened) (Kela) ,, - , - , - , - , - , - , - , - , - , - , - , - , - , - , - , - , - , - , - , - , - , - , - , - , - , - , - , - , - , - , - , - , - , - , - , - , - , - , - , - ,,
,13,,Ber Imported,, - , - , - , - , - , - , - , - , - , - , - , - , - , - , - , - , - , - , - , - , - , - , - , - , - , - , - , - , - , - , - , - , - , - , - , - , - , - , - , - ,,
,14,,Cantaloupe,, - , - , - , - , - , - , - , - , - , - , - , - , - , - , - , - , - , - , - , - , - , - , - , - , - , - , - , - , - , - , - , - , - , - , - , - , - , - , - , - ,,
,15,,Cherry,, - , - , - , - , - , - , - , - , - , - , - , - , - , - , - , - , - , - , - , - , - , - , - , - , - , - , - , - , - , - , - , - , - , - , - , - , - , - , - , - ,,
,16,,Cherry Imported,, - , - , - , - , - , - , - , - , - , - , - , - , - , - , - , - , - , - , - , - , - , - , - , - , - , - , - , - , - , - , - , - , - , - , - , - , - , - , - , - ,,
,17,,Chikoo,, - , - , - , - , - , - , - , - , - , - , - , - , - , - , - , 1.0 , 0.9 , - , - , - , - , - , - , - , - , - , - , - , - , 10.0 , 3.0 , - , - , - , - , - , - , - , - , - ,,
,18,,Cocoa Water (Water Only),, - , - , - , - , - , - , - , - , - , - , - , - , - , - , - , - , - , - , - , - , - , - , - , - , - , - , - , - , - , - , - , - , - , - , - , - , - , - , - , - ,,
,19,,Cocoa Water (With Thin Malai),, - , - , - , - , - , - , - , - , - , - , - , - , - , - , - , - , - , - , - , - , - , - , - , - , - , - , - , - , - , - , - , - , - , - , - , - , - , - , - , - ,,
,20,,Coconut Brown (Nariyal Bhoora),, - , - , - , - , 4.0 , - , - , - , - , - , - , - , - , - , - , - , - , - , - , - , - , - , - , - , - , - , - , - , - , - , - , - , - , - , - , - , - , - , - , - ,,
,21,,Coconut Green (Nariyal Hara),, - , - , - , - , - , - , - , - , - , - , - , - , - , - , - , - , - , - , - , - , - , - , - , - , - , - , - , - , - , - , - , - , - , - , - , - , - , - , - , - ,,
,22,,Custard Apple (Shareefa),, - , - , - , - , - , - , - , - , - , - , - , - , - , - , - , - , - , - , - , - , - , - , - , - , - , - , - , - , - , - , - , - , - , - , - , - , - , - , - , - ,,
,23,,Date Fruit (Khajoor),, - , - , - , - , - , - , - , - , - , - , - , - , - , - , - , - , - , - , - , - , - , - , - , - , - , - , - , - , - , - , - , - , - , - , - , - , - , - , - , - ,,
,24,,Dragon Fruit,, - , - , - , - , - , - , - , - , - , - , - , - , - , - , - , - , - , - , - , - , - , - , - , - , - , - , - , - , - , - , - , - , - , - , - , - , - , - , - , - ,,
,25,,Fig (Anjeer),, - , - , - , - , - , - , - , - , - , - , - , - , - , - , - , - , - , - , - , - , - , - , - , - , - , - , - , - , - , - , - , - , - , - , - , - , - , - , - , - ,,
,26,,Grape Fruit Imported (Chakotara),, - , - , - , - , - , - , - , - , - , - , - , - , - , - , - , - , - , - , - , - , - , - , - , - , - , - , - , - , - , - , - , - , - , - , - , - , - , - , - , - ,,
,27,,Grapes Black (Kaale Angoor),, - , - , - , - , - , - , - , - , - , - , - , - , - , - , - , - , - , - , - , - , - , - , - , - , - , - , - , - , - , - , - , - , - , - , - , - , - , - , - , - ,,
,28,,Grapes Green (Hare Angoor),, - , - , - , - , - , - , - , - , - , - , - , - , - , - , - , - , - , - , - , - , - , - , 0.5 , - , - , - , - , - , - , 8.0 , 5.0 , - , - , 10.0 , - , - , - , - , - , - ,,
,29,,Grapes Red (Laal Angoor),, - , - , - , - , - , - , - , - , - , - , - , - , - , - , - , - , - , - , - , - , - , - , - , - , - , - , - , - , - , - , - , - , - , - , - , - , - , - , - , - ,,
,30,,Guava (Amrood),, - , - , - , - , - , - , - , - , - , 0.5 , - , - , - , - , - , - , - , - , - , - , - , - , - , - , - , - , - , - , 1.0 , - , - , - , 0.9 , - , - , - , - , - , - , - ,,
,31,,Guava Thai (Thai Amrood),, - , - , - , - , - , - , - , - , - , - , - , - , - , - , - , - , - , - , - , - , - , - , - , - , - , - , - , - , - , - , - , - , - , - , - , - , - , - , - , - ,,
,32,,Honeydew,, - , - , - , - , - , - , - , - , - , - , - , - , - , - , - , - , - , - , - , - , - , - , - , - , - , - , - , - , - , - , - , - , - , - , - , - , - , - , - , - ,,
,33,,Kinnow (Kinnoo),, - , - , - , - , - , - , - , - , - , - , - , - , - , - , - , - , - , - , - , - , - , - , - , - , - , - , - , - , - , - , - , - , - , - , - , - , - , - , - , - ,,
,34,,Kiwi Green,, - , - , - , - , - , - , - , - , - , - , - , - , - , - , - , - , - , - , - , - , - , - , - , - , - , - , - , - , - , - , - , - , - , - , - , - , - , - , - , - ,,
,35,,Longan,, - , - , - , - , - , - , - , - , - , - , - , - , - , - , - , - , - , - , - , - , - , - , - , - , - , - , - , - , - , - , - , - , - , - , - , - , - , - , - , - ,,
,36,,Malta,, 21.0 , - , 4.0 , 5.0 , 5.0 , - , 10.0 , 5.0 , 15.0 , - , 5.0 , 10.0 , - , - , 10.0 , - , 6.0 , - , 14.8 , - , 5.0 , 9.8 , 5.0 , - , 15.0 , - , 10.0 , - , 5.0 , 9.8 , - , - , 9.5 , 5.0 , - , - , - , - , - , - ,,
,37,,Mango (Aam),, - , - , - , - , - , - , - , - , - , - , - , - , - , - , - , - , - , - , - , - , - , - , - , - , - , - , - , - , - , - , - , - , - , - , - , - , - , - , - , - ,,
,38,,Mango Alphonso (Alphonso Aam),, - , - , - , - , - , - , - , - , - , - , - , - , - , - , - , - , - , - , - , - , - , - , - , - , - , - , - , - , - , - , - , - , - , - , - , - , - , - , - , - ,,
,39,,Mango Bombay Green (Bombay Green Aam),, - , - , - , - , - , - , - , - , - , - , - , - , - , - , - , - , - , - , - , - , - , - , - , - , - , - , - , - , - , - , - , - , - , - , - , - , - , - , - , - ,,
,40,,Mango Chausa,, - , - , - , - , - , - , - , - , - , - , - , - , - , - , - , - , - , - , - , - , - , - , - , - , - , - , - , - , - , - , - , - , - , - , - , - , - , - , - , - ,,
,41,,Mango Dashehari (Dashehari Aam),, - , - , - , - , - , - , - , - , - , - , - , - , - , - , - , - , - , - , - , - , - , - , - , - , - , - , - , - , - , - , - , - , - , - , - , - , - , - , - , - ,,
,42,,Mango Langra,, - , - , - , - , - , - , - , - , - , - , - , - , - , - , - , - , - , - , - , - , - , - , - , - , - , - , - , - , - , - , - , - , - , - , - , - , - , - , - , - ,,
,43,,Mango Safeda Green 36 Warangal (Safeda Aam Hara),, - , - , - , - , - , - , - , - , - , - , - , - , - , - , - , - , - , - , - , - , - , - , - , - , - , - , - , - , - , - , - , - , - , - , - , - , - , - , - , - ,,
,44,,Mango Safeda Green 48 Warangal (Safeda Aam Hara),, - , - , - , - , - , - , - , - , - , - , - , - , - , - , - , - , - , - , - , - , - , - , - , - , - , - , - , - , - , - , - , - , - , - , - , - , - , - , - , - ,,
,45,,Mango Safeda Green 60 Warangal (Safeda Aam Hara),, - , - , - , - , - , - , - , - , - , - , - , - , - , - , - , - , - , - , - , - , - , - , - , - , - , - , - , - , - , - , - , - , - , - , - , - , - , - , - , - ,,
,46,,Mango Safeda Yellow 36 Warangal (Safeda Aam Paka),, - , - , - , - , - , - , - , - , - , - , - , - , - , - , - , - , - , - , - , - , - , - , - , - , - , - , - , - , - , - , - , - , - , - , - , - , - , - , - , - ,,
,47,,Mango Safeda Yellow 48 Warangal (Safeda Aam Paka),, - , - , - , - , - , - , - , - , - , - , - , - , - , - , - , - , - , - , - , - , - , - , - , - , - , - , - , - , - , - , - , - , - , - , - , - , - , - , - , - ,,
,48,,Mango Safeda Yellow 60 Warangal (Safeda Aam Paka),, - , - , - , - , - , - , - , - , - , - , - , - , - , - , - , - , - , - , - , - , - , - , - , - , - , - , - , - , - , - , - , - , - , - , - , - , - , - , - , - ,,
,49,,Mango Safeda Green 36 Vijaywada (Safeda Aam Hara) ,, - , - , - , - , - , - , - , - , - , - , - , - , - , - , - , - , - , - , - , - , - , - , - , - , - , - , - , - , - , - , - , - , - , - , - , - , - , - , - , - ,,
,50,,Mango Safeda Green 48 Vijaywada (Safeda Aam Hara),, - , - , - , - , - , - , - , - , - , - , - , - , - , - , - , - , - , - , - , - , - , - , - , - , - , - , - , - , - , - , - , - , - , - , - , - , - , - , - , - ,,
,51,,Mango Safeda Green 60 Vijaywada (Safeda Aam Hara),, - , - , - , - , - , - , - , - , - , - , - , - , - , - , - , - , - , - , - , - , - , - , - , - , - , - , - , - , - , - , - , - , - , - , - , - , - , - , - , - ,,
,52,,Mango Safeda Yellow 36 Vijaywada (Safeda Aam Paka),, - , - , - , - , - , - , - , - , - , - , - , - , - , - , - , - , - , - , - , - , - , - , - , - , - , - , - , - , - , - , - , - , - , - , - , - , - , - , - , - ,,
,53,,Mango Safeda Yellow 48 Vijaywada (Safeda Aam Paka),, - , - , - , - , - , - , - , - , - , - , - , - , - , - , - , - , - , - , - , - , - , - , - , - , - , - , - , - , - , - , - , - , - , - , - , - , - , - , - , - ,,
,54,,Mango Safeda Yellow 60 Vijaywada (Safeda Aam Paka),, - , - , - , - , - , - , - , - , - , - , - , - , - , - , - , - , - , - , - , - , - , - , - , - , - , - , - , - , - , - , - , - , - , - , - , - , - , - , - , - ,,
,55,,Mausambi G1,, - , - , - , - , 2.0 , - , - , - , 5.0 , - , - , - , - , - , - , - , - , - , 10.0 , 25.0 , 25.0 , - , 10.0 , - , - , 25.0 , - , 10.0 , - , 25.0 , - , - , - , - , - , - , - , - , - , - ,,
,56,,Mausambi G2,, - , 3.0 , - , - , - , - , - , - , - , - , - , 10.0 , - , 4.0 , - , - , - , - , - , 3.0 , - , - , - , - , - , - , - , - , - , 2.0 , - , - , - , - , - , - , - , - , - , - ,,
,57,,Mausambi G3,, - , - , - , - , - , - , - , - , 1.0 , - , - , 3.0 , - , 2.1 , - , 3.1 , - , - , 3.0 , - , 3.0 , - , 4.0 , - , - , - , 3.1 , - , - , - , - , - , - , - , - , - , - , - , - , - ,,
,58,,Mausambi G4,, - , - , - , - , - , - , - , - , - , - , - , - , - , - , - , - , - , - , - , - , - , - , - , - , - , - , - , - , - , - , - , - , 3.0 , - , - , - , - , - , - , - ,,
,59,,Melon White (Safed Kharbooza) ,, - , - , - , - , - , - , - , - , - , - , - , - , - , - , - , - , - , - , - , - , - , - , - , - , - , - , - , - , - , - , - , - , - , - , - , - , - , - , - , - ,,
,60,,Melon Red (Laal Kharbooza) ,, - , - , - , - , - , - , - , - , - , - , - , - , - , - , - , - , - , - , - , - , - , - , - , - , - , - , - , - , - , - , - , - , - , - , - , - , - , - , - , - ,,
,61,,Orange Desi ,, - , - , - , - , - , - , - , - , - , - , - , - , - , - , - , - , - , - , - , - , - , - , - , - , - , - , - , - , - , - , - , - , - , - , - , - , - , - , - , - ,,
,62,,Orange Imported,, - , - , - , - , - , - , - , - , - , - , - , - , - , - , - , - , - , - , - , - , - , - , - , - , - , - , - , - , - , - , - , - , - , - , - , - , - , - , - , - ,,
,63,,Orange Mandarin ,, - , - , - , - , - , - , - , - , - , - , - , - , - , - , - , - , - , - , - , - , - , - , - , - , - , - , - , - , - , - , - , - , - , - , - , - , - , - , - , - ,,
,64,,Papaya (Papeeta),, 2.0 , - , 1.0 , 2.0 , 2.0 , - , - , - , 2.0 , 2.0 , 1.0 , - , 1.0 , - , 2.2 , 2.1 , 3.0 , 1.2 , 0.5 , 1.2 , 2.1 , - , 3.2 , - , 3.1 , 1.0 , 1.1 , 2.0 , 2.0 , 5.0 , 4.2 , - , 1.0 , 1.0 , - , - , - , - , - , - ,,
,65,,Peach Small (Aadu Chota),, - , - , - , - , - , - , - , - , - , - , - , - , - , - , - , - , - , - , - , - , - , - , - , - , - , - , - , - , - , - , - , - , - , - , - , - , - , - , - , - ,,
,66,,Peach Big (Aadu Bada),, - , - , - , - , - , - , - , - , - , - , - , - , - , - , - , - , - , - , - , - , - , - , - , - , - , - , - , - , - , - , - , - , - , - , - , - , - , - , - , - ,,
,67,,Pear China (Nashpati China),, - , - , - , - , - , - , - , - , - , - , - , - , - , - , - , - , - , - , - , - , - , - , - , - , - , - , - , - , - , - , - , - , - , - , - , - , - , - , - , - ,,
,68,,Pear Imported (Nashpati Imported),, - , - , - , - , - , - , - , - , - , - , - , - , - , - , - , - , - , - , 1.0 , - , - , - , - , - , - , - , - , - , - , - , - , - , - , - , - , - , - , - , - , - ,,
,69,,Pear Indian (Nashpati Indian),, - , - , - , - , 1.0 , - , - , - , - , 0.5 , - , - , - , - , 0.5 , 1.0 , 1.0 , 0.5 , - , - , - , 0.5 , 0.5 , - , 0.5 , - , - , - , 0.5 , 16.0 , 10.0 , - , 14.5 , 5.0 , - , - , - , - , - , - ,,
,70,,Pear Red (Nashpati Laal),, - , - , - , - , - , - , - , - , - , - , - , - , - , - , - , - , - , - , - , - , - , - , - , - , - , - , - , - , - , - , - , - , - , - , - , - , - , - , - , - ,,
,71,,Pear Shandong (Nashpati Laal),, - , - , - , - , - , - , - , - , - , - , - , - , - , - , - , - , - , - , - , - , - , - , - , - , - , - , - , - , - , - , - , - , - , - , - , - , - , - , - , - ,,
,72,,Pineapple Raja (Raja Ananas) ,, 4.0 , - , - , 1.0 , - , - , - , - , - , 5.0 , - , 2.0 , - , - , 2.8 , 1.4 , - , - , - , - , - , - , 1.2 , - , 1.7 , - , - , - , - , - , - , - , - , 2.0 , - , - , - , - , - , - ,,
,73,,Pineapple Rani (Rani Ananas) ,, 7.0 , - , - , 4.0 , - , - , 7.0 , - , 6.0 , - , - , 7.0 , - , - , 7.4 , - , - , - , 7.7 , - , - , - , - , - , 7.0 , - , - , - , - , 42.0 , 20.0 , - , 31.0 , 8.0 , - , - , - , - , - , - ,,
,74,,Plum Desi (Aloo Bukhara Desi),, - , - , - , - , - , - , - , - , - , - , - , - , - , - , - , - , - , - , - , - , - , - , - , - , - , - , - , - , - , - , - , - , - , - , - , - , - , - , - , - ,,
,75,,Plum Imported (Aloo Bukhara Imported),, - , - , - , - , - , - , - , - , - , - , - , - , - , - , - , - , - , - , - , - , - , - , - , - , - , - , - , - , - , - , - , - , - , - , - , - , - , - , - , - ,,
,76,,Pomegranate (Anaar),, - , - , - , - , - , - , - , - , - , 0.5 , - , 2.0 , - , - , 0.5 , - , - , - , - , - , - , - , 0.5 , - , 0.5 , - , - , - , 0.5 , - , - , - , 0.5 , - , - , - , - , - , - , - ,,
,77,,Pomegranate Juice Quality (Anaar Juice Quality),,,,,,,,,,, - , - , - , - , - , - , 2.0 , 2.0 , - , 1.0 , - , - , 2.0 , - , - , - , - , - , 2.0 , - , - , - , - , 2.0 , - , - , - , - , - , - , - ,,
,78,,Pomegranate Kandhari (Anaar Kandhari),, - , - , - , - , - , - , - , - , - , - , - , - , - , - , - , - , - , - , - , - , - , - , - , - , - , - , - , - , - , 5.0 , - , - , 1.8 , 2.0 , - , - , - , - , - , - ,,
,79,,Rambuttan,, - , - , - , - , - , - , - , - , - , - , - , - , - , - , - , - , - , - , - , - , - , - , - , - , - , - , - , - , - , - , - , - , - , - , - , - , - , - , - , - ,,
,80,,Rambuttan Imported,, - , - , - , - , - , - , - , - , - , - , - , - , - , - , - , - , - , - , - , - , - , - , - , - , - , - , - , - , - , - , - , - , - , - , - , - , - , - , - , - ,,
,81,,Sarda (Sun Melon) ,, 4.0 , - , 2.0 , 4.0 , 2.0 , 3.0 , - , - , 8.0 , - , - , 6.0 , 1.0 , 2.3 , 7.4 , 2.1 , - , 2.0 , 6.2 , 1.0 , 3.0 , - , - , - , - , - , 1.2 , 1.0 , 8.0 , 4.3 , 2.3 , - , - , 2.0 , - , - , - , - , - , - ,,
,82,,Sugarcane (Washed and Cutted),,,,,,,,,,, - , - , - , - , - , - , - , - , - , - , - , - , - , - , - , - , - , - , - , - , - , - , - , - , - , - , - , - , - , - , - ,,
,83,,Watermelon Small Green (Chota Hara Tarbooza) ,, - , - , - , - , - , - , - , - , - , - , - , - , - , - , - , - , - , - , - , - , - , - , - , - , - , - , - , - , - , - , - , - , - , - , - , - , - , - , - , - ,,
,84,,Watermelon Dark (Bada Kala Tarbooza) ,, 22.0 , 6.0 , 4.0 , - , 2.0 , 6.0 , 20.0 , 7.0 , 18.0 , 6.0 , - , 23.0 , 8.1 , 8.4 , 5.2 , 4.8 , 3.0 , 4.1 , 22.0 , 4.3 , 11.0 , 18.7 , 6.4 , 4.4 , 15.4 , 4.5 , 18.5 , 4.2 , 11.2 , 22.3 , 6.4 , - , 20.5 , 6.0 , - , - , - , - , - , - ,,
,,,,,,,,,,,,,,,,,,,,,,,,,,,,,,,,,,,,,,,,,,,,,,
,,,Total,, 64.0 , 10.0 , 14.0 , 19.0 , 23.0 , 12.0 , 44.0 , 12.0 , 60.0 , 16.0 , 7.0 , 68.0 , 11.1 , 17.8 , 41.1 , 21.5 , 18.9 , 10.3 , 75.8 , 35.9 , 50.2 , 32.6 , 33.8 , 5.4 , 47.8 , 31.5 , 38.9 , 20.2 , 28.7 , 175.0 , 62.9 , - , 109.2 , 41.0 , - , - , - , - , - , - ,,
,,,,,,,,,,,,,,,,,,,,,,,,,,,,,,,,,,,,,,,,,,,,,,
,,Grand Total,,," 3,175.7 "," 3,692.7 "," 3,190.2 "," 3,772.9 "," 3,846.6 "," 3,415.6 "," 4,034.1 "," 3,394.5 "," 4,517.1 "," 3,246.7 "," 4,189.1 "," 4,260.2 "," 3,468.6 "," 3,100.0 "," 3,668.5 "," 5,734.2 "," 3,503.6 "," 3,917.0 "," 3,900.6 "," 3,091.5 "," 3,073.8 "," 3,209.3 "," 3,579.3 "," 3,451.2 "," 3,536.7 "," 4,084.4 "," 3,264.6 "," 4,605.8 "," 3,708.4 "," 3,733.6 "," 4,739.2 "," 3,588.8 "," 4,284.7 "," 3,284.6 "," 2,455.2 "," 3,349.2 "," 2,592.0 ",#DIV/0!,#DIV/0!,#DIV/0!,,
